From,Mutual
School,3
School,27
School,36
School,42
School,42
School,45
School,48
School,51
School,51
School,54
School,57
School,57
School,60
School,60
School,60
School,60
School,60
School,63
School,66
School,66
School,66
School,69
School,72
School,75
School,78
School,78
School,81
School,81
School,84
School,84
School,84
School,84
School,84
School,84
School,87
School,87
School,87
School,90
School,93
School,93
School,96
School,96
School,96
School,99
School,99
School,99
School,99
School,102
School,105
School,105
School,105
School,105
School,108
School,108
School,111
School,111
School,111
School,114
School,114
School,114
School,117
School,120
School,120
School,120
School,123
School,123
School,123
School,123
School,123
School,123
School,126
School,126
School,129
School,132
School,132
School,132
School,132
School,135
School,135
School,138
School,138
School,138
School,138
School,141
School,147
School,150
School,156
School,156
School,156
School,156
School,156
School,159
School,159
School,162
School,162
School,162
School,165
School,171
School,171
School,177
School,180
School,186
School,186
School,186
School,186
School,189
School,189
School,189
School,192
School,195
School,201
School,204
School,207
School,210
School,210
School,210
School,216
School,228
School,234
School,234
School,240
School,243
School,249
School,252
School,267
School,273
School,300
School,333
Family,3
Family,3
Family,6
Family,6
Family,6
Family,9
Family,9
Family,45
Travel,6
Travel,9
Travel,9
Travel,9
Travel,18
Travel,18
Travel,21
Travel,21
Travel,24
Travel,30
Travel,36
Travel,39
College,12
College,15
College,15
College,24
College,24
College,30
College,33
College,33
College,33
College,39
College,39
College,39
College,39
College,39
College,45
College,45
College,45
College,48
College,48
College,51
College,51
College,54
College,57
College,57
College,57
College,57
College,57
College,60
College,60
College,63
College,63
College,66
College,66
College,66
College,69
College,72
College,72
College,72
College,72
College,75
College,75
College,75
College,75
College,75
College,78
College,78
College,87
College,90
College,90
College,90
College,93
College,99
College,99
College,105
College,108
College,111
College,111
College,114
College,120
College,120
College,123
College,123
College,129
College,129
College,129
College,135
College,138
College,141
College,141
College,144
College,144
College,144
College,144
College,147
College,147
College,150
College,150
College,150
College,153
College,156
College,156
College,162
College,162
College,165
College,168
College,168
College,171
College,171
College,174
College,177
College,183
College,189
College,189
College,198
College,201
College,204
College,210
College,219
College,228
College,240
College,243
College,243
College,255
College,261
College,264
College,267
College,267
College,270
College,270
College,279
College,297
College,321
College,339
College,363
College,369
College,384
College,387
Other,3
Other,3
Other,3
Other,6
Other,6
Other,6
Other,9
Other,9
Other,9
Other,9
Other,9
Other,9
Other,12
Other,12
Other,12
Other,12
Other,12
Other,12
Other,12
Other,15
Other,15
Other,21
Other,21
Other,27
Other,27
Other,30
Other,30
Other,33
Other,36
Other,36
Other,36
Other,39
Other,42
Other,42
Other,45
Other,45
Other,57
Other,60
Other,60
Other,63
Other,75
Other,81
Other,96
Other,99
Other,105
Other,141
Other,141
Other,228
Work,81
Work,90
Work,93
Work,96
Work,102
Work,102
Work,105
Work,114
Work,123
Work,138
Work,147
Work,147
Work,150
Work,150
Work,150
Work,153
Work,156
Work,159
Work,165
Work,168
Work,168
Work,174
Work,180
Work,183
Work,189
Work,192
Work,195
Work,195
Work,195
Work,195
Work,207
Work,207
Work,210
Work,210
Work,216
Work,222
Work,225
Work,228
Work,228
Work,234
Work,234
Work,234
Work,237
Work,240
Work,243
Work,243
Work,243
Work,255
Work,258
Work,258
Work,270
Work,276
Work,285
Activities,6
Activities,12
Activities,36
Activities,42
Activities,45
Activities,60
Activities,87
Activities,96
Sport,6
Sport,6
Sport,12
Sport,12
Sport,15
Sport,24
Sport,45
Sport,54
Sport,57
Sport,57
Sport,57
Sport,63
Sport,66
Sport,66
Sport,66
Sport,69
Sport,72
Sport,72
Sport,75
Sport,75
Sport,78
Sport,78
Sport,78
Sport,78
Sport,81
Sport,81
Sport,93
Sport,93
Sport,108
